{
  "description": "Arbitrary. All of these blocks are transparent blocks which entities can go through, therefore not including cactus and flower pots, but including coral fans and coral plants, dead or not",
  "values": [
    {
      "id": "minecraft:warped_fungus",
      "required": false
    },
    {
      "id": "minecraft:crimson_fungus",
      "required": false
    },
    {
      "id": "minecraft:crimson_roots",
      "required": false
    },
    {
      "id": "minecraft:warped_roots",
      "required": false
    },
    {
      "id": "minecraft:twisting_vines",
      "required": false
    },
    {
      "id": "minecraft:weeping_vines",
      "required": false
    },
    {
      "id": "minecraft:nether_sprouts",
      "required": false
    },
    {
      "id": "minecraft:tube_coral_fan",
      "required": false
    },
    {
      "id": "minecraft:brain_coral_fan",
      "required": false
    },
    {
      "id": "minecraft:bubble_coral_fan",
      "required": false
    },
    {
      "id": "minecraft:fire_coral_fan",
      "required": false
    },
    {
      "id": "minecraft:horn_coral_fan",
      "required": false
    },
    {
      "id": "minecraft:tube_coral",
      "required": false
    },
    {
      "id": "minecraft:brain_coral",
      "required": false
    },
    {
      "id": "minecraft:bubble_coral",
      "required": false
    },
    {
      "id": "minecraft:fire_coral",
      "required": false
    },
    {
      "id": "minecraft:horn_coral",
      "required": false
    },
    {
      "id": "minecraft:dead_tube_coral_fan",
      "required": false
    },
    {
      "id": "minecraft:dead_brain_coral_fan",
      "required": false
    },
    {
      "id": "minecraft:dead_bubble_coral_fan",
      "required": false
    },
    {
      "id": "minecraft:dead_fire_coral_fan",
      "required": false
    },
    {
      "id": "minecraft:dead_horn_coral_fan",
      "required": false
    },
    {
      "id": "minecraft:dead_tube_coral",
      "required": false
    },
    {
      "id": "minecraft:dead_brain_coral",
      "required": false
    },
    {
      "id": "minecraft:dead_bubble_coral",
      "required": false
    },
    {
      "id": "minecraft:dead_fire_coral",
      "required": false
    },
    {
      "id": "minecraft:dead_horn_coral",
      "required": false
    },
    {
      "id": "minecraft:dandelion",
      "required": false
    },
    {
      "id": "minecraft:poppy",
      "required": false
    },
    {
      "id": "minecraft:blue_orchid",
      "required": false
    },
    {
      "id": "minecraft:allium",
      "required": false
    },
    {
      "id": "minecraft:azure_bluet",
      "required": false
    },
    {
      "id": "minecraft:red_tulip",
      "required": false
    },
    {
      "id": "minecraft:orange_tulip",
      "required": false
    },
    {
      "id": "minecraft:white_tulip",
      "required": false
    },
    {
      "id": "minecraft:pink_tulip",
      "required": false
    },
    {
      "id": "minecraft:oxeye_daisy",
      "required": false
    },
    {
      "id": "minecraft:cornflower",
      "required": false
    },
    {
      "id": "minecraft:lily_of_the_valley",
      "required": false
    },
    {
      "id": "minecraft:wither_rose",
      "required": false
    },
    {
      "id": "minecraft:sunflower",
      "required": false
    },
    {
      "id": "minecraft:lilac",
      "required": false
    },
    {
      "id": "minecraft:peony",
      "required": false
    },
    {
      "id": "minecraft:rose_bush",
      "required": false
    },
    {
      "id": "minecraft:oak_sapling",
      "required": false
    },
    {
      "id": "minecraft:birch_sapling",
      "required": false
    },
    {
      "id": "minecraft:acacia_sapling",
      "required": false
    },
    {
      "id": "minecraft:jungle_sapling",
      "required": false
    },
    {
      "id": "minecraft:spruce_sapling",
      "required": false
    },
    {
      "id": "minecraft:dark_oak_sapling",
      "required": false
    },
    {
      "id": "minecraft:grass",
      "required": false
    },
    {
      "id": "minecraft:fern",
      "required": false
    },
    {
      "id": "minecraft:dead_bush",
      "required": false
    },
    {
      "id": "minecraft:seagrass",
      "required": false
    },
    {
      "id": "minecraft:sea_pickle",
      "required": false
    },
    {
      "id": "minecraft:tall_grass",
      "required": false
    },
    {
      "id": "minecraft:large_fern",
      "required": false
    },
    {
      "id": "minecraft:tall_seagrass",
      "required": false
    },
    {
      "id": "minecraft:kelp_plant",
      "required": false
    }
  ]
}
