{
  "type": "minecraft:ore",
  "config": {
    "targets": [
      {
        "target": {
          "tag": "minecraft:stone_ore_replaceables",
          "predicate_type": "minecraft:tag_match"
        },
        "state": {
          "Name": "minecraft:copper_ore"
        }
      },
      {
        "target": {
          "tag": "minecraft:deepslate_ore_replaceables",
          "predicate_type": "minecraft:tag_match"
        },
        "state": {
          "Name": "minecraft:deepslate_copper_ore"
        }
      }
    ],
    "size": 20,
    "discard_chance_on_air_exposure": 0
  }
}
